{
  "feature_cols": [
    "day_of_week",
    "is_weekend",
    "month",
    "day_of_year",
    "festival_flag",
    "festival_weight",
    "festival_tier",
    "is_extraordinary",
    "is_school_holiday",
    "is_pournami",
    "is_pradosham",
    "cross_temple_effect",
    "google_trends",
    "parking_count",
    "annadhanam_count",
    "prasadam_volume",
    "mobile_congestion",
    "tnstc_bus_ratio",
    "weather_score",
    "temple_base",
    "temple_fest_mult",
    "highway_boost"
  ],
  "performance": {
    "RandomForest": {
      "mae": 646.6,
      "r2": 0.9946,
      "mape": 3.13
    },
    "GradientBoosting": {
      "mae": 647.0,
      "r2": 0.9935,
      "mape": 3.05
    },
    "Ridge": {
      "mae": 578.9,
      "r2": 0.9974,
      "mape": 3.19
    },
    "Ensemble": {
      "mae": 618.0,
      "r2": 0.9951,
      "mape": 3.02
    },
    "mape_by_type": {
      "Ordinary": 2.93,
      "Medium Festival": 4.4,
      "Major Festival": 4.49
    },
    "baseline_comparison": {
      "baseline_mape": 28.5,
      "model_mape": 3.02,
      "improvement_pct": 25.48
    }
  },
  "feature_importance": {
    "day_of_week": 0.00013258273336918153,
    "is_weekend": 1.0643577005807318e-05,
    "month": 8.201057225529822e-05,
    "day_of_year": 0.0002120825647911201,
    "festival_flag": 1.3101707392701525e-06,
    "festival_weight": 0.00013443723287229927,
    "festival_tier": 1.3413691504409039e-05,
    "is_extraordinary": 6.500238792344196e-07,
    "is_school_holiday": 4.973302048951952e-05,
    "is_pournami": 2.1996685705025574e-05,
    "is_pradosham": 3.6681707683333893e-05,
    "cross_temple_effect": 0.0,
    "google_trends": 0.00048772445696233747,
    "parking_count": 0.953343434162954,
    "annadhanam_count": 0.0011953296824941447,
    "prasadam_volume": 0.04358546499024274,
    "mobile_congestion": 0.00011479358913692995,
    "tnstc_bus_ratio": 3.464797700908306e-05,
    "weather_score": 0.0003548894916806277,
    "temple_base": 5.0801749479815067e-05,
    "temple_fest_mult": 7.401649703808605e-05,
    "highway_boost": 6.335542270792135e-05
  },
  "prasadam_simulation": {
    "baseline": {
      "avg_waste_kg": 240.32,
      "avg_shortfall_kg": 98.57,
      "cost_inr": 19225.56
    },
    "model": {
      "avg_waste_kg": 27.38,
      "avg_shortfall_kg": 33.83,
      "cost_inr": 2190.77
    },
    "improvement": {
      "waste_reduction_pct": 88.6,
      "shortfall_reduction_pct": 65.7,
      "annual_saving_inr": 6217701.0
    }
  },
  "festival_calendar": {
    "1-14": [
      "Pongal",
      1.0,
      "High",
      false
    ],
    "1-15": [
      "Mattu Pongal",
      0.75,
      "Medium",
      false
    ],
    "1-16": [
      "Kaanum Pongal",
      0.65,
      "Medium",
      false
    ],
    "2-18": [
      "Maha Shivaratri",
      0.9,
      "High",
      false
    ],
    "2-22": [
      "Mahamaham",
      1.0,
      "Extraordinary",
      true
    ],
    "3-8": [
      "Panguni Uthiram",
      0.8,
      "High",
      false
    ],
    "4-13": [
      "Pre-Puthandu",
      0.6,
      "Medium",
      false
    ],
    "4-14": [
      "Tamil Puthandu",
      1.0,
      "High",
      false
    ],
    "4-23": [
      "Akshaya Tritiya",
      0.85,
      "High",
      false
    ],
    "5-3": [
      "Shanmukha Sashti",
      0.7,
      "Medium",
      false
    ],
    "6-15": [
      "Vaikasi Visakam",
      0.88,
      "High",
      false
    ],
    "7-17": [
      "Adi Perukku",
      0.72,
      "Medium",
      false
    ],
    "8-20": [
      "Varalakshmi Vratham",
      0.78,
      "Medium",
      false
    ],
    "8-30": [
      "Krishna Jayanthi",
      0.82,
      "High",
      false
    ],
    "9-2": [
      "Vinayagar Chaturthi",
      0.93,
      "High",
      false
    ],
    "9-29": [
      "Navratri Start",
      0.7,
      "Medium",
      false
    ],
    "10-8": [
      "Saraswati Puja",
      0.75,
      "Medium",
      false
    ],
    "10-9": [
      "Vijayadasami",
      0.88,
      "High",
      false
    ],
    "10-24": [
      "Diwali",
      0.85,
      "High",
      false
    ],
    "11-27": [
      "Karthigai Deepam",
      0.95,
      "High",
      false
    ],
    "12-16": [
      "Margazhi Start",
      0.65,
      "Medium",
      false
    ],
    "12-30": [
      "Vaikunta Ekadasi",
      0.97,
      "High",
      false
    ]
  },
  "temple_configs": {
    "1": {
      "name": "Meenakshi Amman Temple",
      "city": "Madurai",
      "base": 15000,
      "fest_mult": 4.2,
      "highway_boost": 1.15
    },
    "2": {
      "name": "Brihadeeswarar Temple",
      "city": "Thanjavur",
      "base": 8000,
      "fest_mult": 3.5,
      "highway_boost": 1.08
    },
    "3": {
      "name": "Kapaleeshwarar Temple",
      "city": "Chennai",
      "base": 10000,
      "fest_mult": 3.8,
      "highway_boost": 1.2
    },
    "4": {
      "name": "Dhandayuthapani Temple",
      "city": "Palani",
      "base": 12000,
      "fest_mult": 4.5,
      "highway_boost": 1.12
    },
    "5": {
      "name": "Ramanathaswamy Temple",
      "city": "Rameswaram",
      "base": 9000,
      "fest_mult": 3.9,
      "highway_boost": 1.1
    }
  },
  "trained_at": "2026-04-20T15:47:36.483832",
  "version": "3.0.0",
  "total_features": 22,
  "data_note": "Synthetic \u2014 approved per TNSDC PS09 Section 13"
}